{
  "build": "release",
  "mode": "zip",
  "selectedAddons": [],
  "platform": [
    "windows"
  ],
  "descriptions": false,
  "compact": false,
  "hardcoded": false,
  "javadoc": true,
  "includeJSON": true,
  "source": true,
  "osgi": false,
  "language": "groovy",
  "contents": [
    "lwjgl",
    "lwjgl-assimp",
    "lwjgl-glfw",
    "lwjgl-harfbuzz",
    "lwjgl-hwloc",
    "lwjgl-jawt",
    "lwjgl-jemalloc",
    "lwjgl-meshoptimizer",
    "lwjgl-nfd",
    "lwjgl-openal",
    "lwjgl-opengl",
    "lwjgl-opengles",
    "lwjgl-shaderc",
    "lwjgl-stb",
    "lwjgl-yoga",
    "lwjgl-zstd"
  ],
  "version": "3.3.6",
  "versionLatest": "3.3.6"
}